block_name,potential_purposes,input_type,output_type,input_output_porportion,parameters
bandpass_filter,denoising filter_frequencies,signal,signal,1:1,low_freq high_freq filter_order
notch_filter,denoising filter_frequencies,signal,signal,1:1,notch_freq quality_factor
lowpass_filter,denoising filter_frequencies,signal,signal,1:1,low_freq filter_order
highpass_filter,denoising filter_frequencies,signal,signal,1:1,high_freq filter_order
median_filter,denoising smoothing,signal,signal,1:1,window_size window_overlap
emd,denoising extracting_features reconstructing_signal,signal,signal,1:N,num_modes stopping_criteria
r_peak_detector,detecting_temporal_points,signal,event,1:N,window_size threshold_method
p_wave_detector,detecting_temporal_points,signal,event,1:N,window_size threshold_method
segmenter,segmenting,signal,signal,1:N,window_size window_overlap
epoch_segmenter,segmenting,AND(signal event),signal,1+E:N,window_size window_overlap
hrv_features_extractor,extracting_features,signal,features,1:N,window_size window_overlap
fft,transforming_frequency_domain,signal,signal-freq,1:1,method low_freq high_freq window_size window_overlap
extracting_psd,extracting_features,signal-freq,distribution,1:1,low_freq high_freq
pca,reconstructing_signal reduce_dimensionality,OR(features signal),OR(features signal),N:M,num_components variance_retained
resampler,resampling,signal,signal,1:1,sampling_rate method
normalizer,normalizing,OR(features signal signal-freq),OR(features signal signal-freq),N:N,min max
generic_features_extractor,extracting_features,signal,features,1:N,""
generic_features_selector,selecting_features reduce_dimensionality,features,features,N:M,""
agregate_features,arithmetics grouping,features,scalar,N:1,operation
svm_classifier,classification training_ml predicting_ml,features,OR(none scalar),OR(N:0 N:1),num_trees max_depth kernel
svm_regressor,regression training_ml predicting_ml,features,OR(none scalar),OR(N:0 N:1),num_trees max_depth kernel
