block_name,potential_purposes,input_type,output_type,parameters
bandpass_filter,denoising filter_signal,timeseries,timeseries,low_freq high_freq filter_order
notch_filter,denoising remove_powerline_interference,timeseries,timeseries,notch_freq quality_factor
lowpass_filter,denoising filter_signal,timeseries,timeseries,cutoff_freq filter_order
highpass_filter,denoising filter_signal,timeseries,timeseries,cutoff_freq filter_order
adaptive_notch_filter,denoising remove_powerline_interference,timeseries,timeseries,center_freq adaptation_rate
butterworth_filter,denoising filter_signal,timeseries,timeseries,cutoff_freq filter_order filter_type
median_filter,denoising remove_baseline_drift,timeseries,timeseries,window_size
wavelet_denoising,denoising,timeseries,timeseries,wavelet_type decomposition_levels threshold_method
baseline_correction_spline,denoising remove_baseline_drift,timeseries,timeseries,spline_order smoothing_factor
baseline_correction_median,denoising remove_baseline_drift,timeseries,timeseries,window_size
empirical_mode_decomposition,denoising decompose_signal,timeseries,timeseries,num_modes stopping_criteria
ensemble_emd,denoising decompose_signal,timeseries,timeseries,num_ensembles noise_std num_modes
qrs_detector_pan_tompkins,detecting_temporal_points detect_heartbeats,timeseries,event,threshold_factor integration_window
qrs_detector_hamilton_tompkins,detecting_temporal_points detect_heartbeats,timeseries,event,threshold_factor learning_rate
qrs_detector_wavelet,detecting_temporal_points detect_heartbeats,timeseries,event,wavelet_type scales threshold
r_peak_detector,detecting_temporal_points detect_heartbeats,timeseries,event,search_window threshold_method
fiducial_point_detector,detecting_temporal_points,timeseries,event,point_types search_windows
p_wave_detector,detecting_temporal_points,timeseries,event,search_window threshold
t_wave_detector,detecting_temporal_points,timeseries,event,search_window threshold
beat_segmenter,segmenting,AND(timeseries event),segments,pre_window_ms post_window_ms
signal_windowing,segmenting,timeseries,segments,window_size overlap_percentage
epoch_segmenter,segmenting,timeseries,segments,epoch_duration overlap_seconds
beat_classifier,annotating_epochs classify_beats,segments,segments,classifier_type threshold
ectopic_beat_detector,annotating_epochs detect_artifacts,segments,segments,morphology_threshold rr_threshold
artifact_detector,annotating_epochs detect_artifacts,OR(timeseries segments),segments,quality_metrics thresholds
quality_assessor,assessing_signal_quality,OR(timeseries segments),scalar,metrics thresholds
beat_aligner,aligning_signals,segments,segments,alignment_method correlation_threshold
signal_aligner,aligning_signals,timeseries,timeseries,reference_channel method
template_creator,averaging_signals create_template,segments,segments,averaging_method outlier_threshold
beat_averager,averaging_signals,segments,segments,averaging_method
heart_rate_calculator,extracting_features compute_heart_rate,event,scalar,window_size method
rr_interval_calculator,computing_arithmetics,event,timeseries,interpolation_method
hrv_time_domain,extracting_features,timeseries,features,metrics window_size
hrv_frequency_domain,extracting_features,timeseries,features,method frequency_bands window_size
hrv_nonlinear,extracting_features,timeseries,features,methods embedding_dimension
morphological_features,extracting_features,segments,features,feature_types
temporal_features,extracting_features,segments,features,interval_types correction_method
spectral_features,extracting_features,OR(timeseries segments),features,frequency_bands method window_type
wavelet_features,extracting_features,OR(timeseries segments),features,wavelet_type decomposition_levels coefficients
statistical_features,computing_statistics,OR(timeseries features),features,statistics
pca_transform,reconstructing_signal reduce_dimensionality,OR(features timeseries),OR(features timeseries),num_components variance_retained
wavelet_transform,reconstructing_signal,timeseries,features,wavelet_type decomposition_levels
discrete_fourier_transform,reconstructing_signal,timeseries,features,window_type overlap
lomb_scargle_periodogram,reconstructing_signal,timeseries,features,frequency_bands
qrst_cancellation,reconstructing_signal isolate_atrial_activity,timeseries,timeseries,method num_components
sparse_coding,thresholding compress_signal,features,features,sparsity_ratio threshold_method
coefficient_thresholding,thresholding,features,features,threshold_value method
amplitude_thresholding,thresholding,timeseries,timeseries,threshold_value
huffman_encoder,compressing_signal,features,file,
signal_compressor,compressing_signal,timeseries,file,compression_ratio method
signal_reconstructor,reconstructing_signal,OR(features file),timeseries,reconstruction_method
resampler,resampling change_sampling_rate,timeseries,timeseries,new_sampling_rate method
downsampler,resampling,timeseries,timeseries,downsample_factor anti_aliasing
upsampler,resampling,timeseries,timeseries,upsample_factor interpolation_method
amplitude_normalizer,normalizing,OR(timeseries segments),OR(timeseries segments),method reference_value
z_score_normalizer,normalizing,features,features,
min_max_normalizer,normalizing,features,features,feature_range
baseline_normalizer,normalizing,features,features,baseline_method
feature_selector_rfe,feature_selection,features,features,num_features estimator
feature_selector_mutual_info,feature_selection,features,features,num_features
feature_selector_variance,feature_selection,features,features,variance_threshold
beat_selector,selecting_epochs,segments,segments,selection_criteria
epoch_selector,selecting_epochs,segments,segments,quality_threshold selection_method
svm_classifier,predicting_ml,features,scalar,kernel regularization
random_forest_classifier,predicting_ml,features,scalar,num_trees max_depth
gradient_boosting_classifier,predicting_ml,features,scalar,num_estimators learning_rate
ensemble_classifier,predicting_ml,features,scalar,base_classifiers voting_method
gaussian_mixture_model,training_ml,features,scalar,num_components covariance_type
neural_network_classifier,predicting_ml,features,scalar,hidden_layers activation learning_rate
linear_discriminant_analysis,selecting_features reduce_dimensionality,features,features,num_components
similarity_calculator,computing_statistics,segments,scalar,similarity_metric
correlation_calculator,computing_statistics,timeseries,scalar,correlation_type window_size
signal_to_noise_calculator,assessing_signal_quality,timeseries,scalar,noise_estimation_method
template_matcher,computing_statistics,AND(segments segments),scalar,matching_method threshold
beat_template_matcher,computing_statistics,AND(segments segments),scalar,similarity_threshold
morphology_analyzer,extracting_features,segments,features,morphology_metrics
st_segment_analyzer,extracting_features,segments,features,measurement_points
qt_interval_calculator,extracting_features,segments,scalar,correction_method
frequency_analyzer,extracting_features,timeseries,features,frequency_range method
atrial_fibrillation_detector,predicting_ml detect_arrhythmia,features,scalar,detection_threshold
arrhythmia_classifier,predicting_ml classify_arrhythmia,features,scalar,arrhythmia_types
emotion_classifier,predicting_ml,features,scalar,emotion_dimensions
biometric_identifier,predicting_ml,features,scalar,matching_threshold
clinical_risk_scorer,computing_statistics,features,scalar,risk_factors weights
signal_quality_marker,annotating_epochs,scalar,segments,quality_threshold
alert_generator,computing_statistics,scalar,event,alert_conditions
time_plotter,plotting visualize_signal,timeseries,plot,time_range plot_style
spectrum_plotter,plotting visualize_spectrum,features,plot,frequency_range
heatmap_plotter,plotting visualize_features,OR(features table),plot,colormap
poincare_plotter,plotting visualize_hrv,features,plot,plot_parameters
multi_lead_analyzer,loop_channels,timeseries,features,lead_configuration analysis_method
spatial_joiner,spatial_joining,features,features,joining_method weights
adaptive_processor,branching,timeseries,timeseries,adaptation_criteria processing_modes
quality_based_processor,branching,AND(timeseries scalar),timeseries,quality_thresholds processing_branches
artifact_corrector,correcting_artifacts,OR(timeseries segments),OR(timeseries segments),correction_method detection_threshold
interpolator,correcting_artifacts fill_gaps,timeseries,timeseries,interpolation_method gap_threshold
outlier_remover,correcting_artifacts,OR(timeseries features),OR(timeseries features),outlier_method threshold
motion_artifact_remover,correcting_artifacts,timeseries,timeseries,method decomposition_levels
muscle_artifact_remover,correcting_artifacts,timeseries,timeseries,frequency_range method
powerline_artifact_remover,correcting_artifacts remove_powerline_interference,timeseries,timeseries,powerline_freq adaptive_tracking
signal_reconstructor_prd,comparing_signals,AND(timeseries timeseries),scalar,prd_method
signal_comparator,comparing_signals,AND(timeseries timeseries),scalar,comparison_metrics
cross_correlator,computing_statistics,AND(timeseries timeseries),scalar,max_lag normalize
coherence_calculator,computing_statistics,AND(timeseries timeseries),features,frequency_bands window_size
phase_coupling_analyzer,computing_statistics,AND(timeseries timeseries),features,coupling_methods frequency_bands
time_frequency_analyzer,extracting_features,timeseries,features,method window_size overlap
spectrogram_generator,extracting_features,timeseries,features,window_type window_size overlap
continuous_wavelet_transform,extracting_features,timeseries,features,wavelet_type scales
scalogram_generator,extracting_features,timeseries,features,wavelet_type scales time_range
detrended_fluctuation_analyzer,extracting_features,timeseries,features,scaling_range polynomial_order
sample_entropy_calculator,extracting_features,timeseries,scalar,pattern_length tolerance
approximate_entropy_calculator,extracting_features,timeseries,scalar,pattern_length tolerance
complexity_analyzer,extracting_features,OR(timeseries segments),features,complexity_metrics
symmetry_analyzer,extracting_features,segments,features,symmetry_metrics
area_calculator,extracting_features,segments,scalar,integration_method baseline
peak_detector,detecting_temporal_points,OR(timeseries segments),event,peak_type threshold distance
valley_detector,detecting_temporal_points,OR(timeseries segments),event,valley_type threshold distance
onset_offset_detector,detecting_temporal_points,segments,event,detection_method threshold
beat_type_classifier,annotating_epochs,segments,segments,beat_types classification_method
rhythm_analyzer,extracting_features,event,features,rhythm_metrics window_size
variability_analyzer,extracting_features,timeseries,features,variability_metrics window_size
trend_analyzer,extracting_features,timeseries,features,trend_methods window_size
stationarity_tester,assessing_signal_quality,timeseries,scalar,test_method significance_level
normality_tester,assessing_signal_quality,features,scalar,test_method significance_level
distribution_analyzer,computing_statistics,OR(timeseries features),features,distribution_metrics
percentile_calculator,computing_statistics,OR(timeseries features),features,percentiles
range_calculator,computing_statistics,OR(timeseries features),scalar,range_type
kurtosis_calculator,computing_statistics,OR(timeseries features),scalar,correction_method
skewness_calculator,computing_statistics,OR(timeseries features),scalar,correction_method
variance_calculator,computing_statistics,OR(timeseries features),scalar,correction_method
mean_calculator,computing_statistics,OR(timeseries features),scalar,calculation_method
median_calculator,computing_statistics,OR(timeseries features),scalar,
mode_calculator,computing_statistics,OR(timeseries features),scalar,
energy_calculator,extracting_features,OR(timeseries segments),scalar,energy_type
power_calculator,extracting_features,OR(timeseries segments),scalar,power_type frequency_bands
snr_calculator,assessing_signal_quality,timeseries,scalar,noise_estimation signal_bandwidth
dynamic_range_calculator,assessing_signal_quality,timeseries,scalar,percentile_range
flatline_detector,detecting_temporal_points detect_artifacts,timeseries,event,flatline_threshold duration_threshold
saturation_detector,detecting_temporal_points detect_artifacts,timeseries,event,saturation_levels duration_threshold
dropout_detector,detecting_temporal_points detect_artifacts,timeseries,event,dropout_threshold duration_threshold
lead_off_detector,detecting_temporal_points detect_artifacts,timeseries,event,impedance_threshold duration_threshold
 