Pipeline,Prompt,Modality,Steps & Goals,,,,,,,,,,,,,,,,,,,,,,,,,
1,"Raw ECG is bandpass filtered (0.5-40 Hz) to remove baseline wander and high-frequency noise. A 50/60 Hz notch filter eliminates power line interference. Wavelet denoising is applied to further reduce noise while preserving the QRS complex morphology. Pan-Tompkins algorithm is used for QRS complex detection, which includes differentiation, squaring, moving window integration, and adaptive thresholding. R-peaks are identified and used to calculate instantaneous heart rate. Abnormal beats are flagged based on RR interval deviations exceeding 20% from the running average.",ECG,Raw ECG is bandpass filtered (0.5-40 Hz) to remove baseline wander and high-frequency noise.,A 50/60 Hz notch filter eliminates power line interference.,Wavelet denoising is applied to further reduce noise while preserving the QRS complex morphology.,"Pan-Tompkins algorithm is used for QRS complex detection, which includes differentiation, squaring, moving window integration, and adaptive thresholding.",R-peaks are identified,R-peaks are used to calculate instantaneous heart rate.,Abnormal beats are flagged based on RR interval deviations exceeding 20% from the running average.,,,,,,,,,,,,,,,,,,,
,,,denoising,denoising,denoising,segmenting,detecting_temporal_points,extracting_features,annotating_epochs,,,,,,,,,,,,,,,,,,,
1,"ECG signals undergo 0.5-40 Hz filtering and powerline notch filtering. Wavelet denoising precedes Pan-Tompkins QRS detection. R-peaks identify heart rate, with RR interval analysis flagging irregular beats exceeding 20% deviation.",ECG,ECG signals undergo 0.5-40 Hz filtering,powerline notch filtering,Wavelet denoising,Pan-Tompkins QRS detection,R-peaks identify heart rate,RR interval analysis flagging irregular beats exceeding 20% deviation,,,,,,,,,,,,,,,,,,,,
,,,denoising,denoising,denoising,segmenting,extracting_features,annotating_epochs,,,,,,,,,,,,,,,,,,,,
1,Filter 0.5-40 Hz and notch filter. Apply wavelet denoising and QRS detection. Calculate HR and flag abnormal beats.,ECG,Filter 0.5-40 Hz,notch filter,Apply wavelet denoising,QRS detection,Calculate HR,Flag abnormal beats.,,,,,,,,,,,,,,,,,,,,
,,,denoising,denoising,denoising,segmenting,extracting_features,annotating_epochs,,,,,,,,,,,,,,,,,,,,
2,"ECG signals are preprocessed with a 0.5-50 Hz bandpass filter and adaptive notch filtering to remove power line interference. Baseline wander is corrected using cubic spline interpolation between fiducial points. R-peaks are detected using a wavelet-based algorithm, followed by P-wave and T-wave delineation. Heart rate variability features including RMSSD, pNN50, and frequency domain metrics are extracted from the RR intervals. Atrial activity is isolated by QRST cancellation using principal component analysis. Spectral analysis of the atrial signal detects the presence of dominant frequencies between 4-9 Hz indicative of atrial fibrillation. A random forest classifier makes the final AF determination based on the extracted features.",ECG,ECG signals are preprocessed with a 0.5-50 Hz bandpass filter,Adaptive notch filtering to remove power line interference,Baseline wander is corrected using cubic spline interpolation between fiducial points.,R-peaks are detected using a wavelet-based algorithm,P-wave and T-wave delineation is performed,"Heart rate variability features including RMSSD, pNN50 are extracted from the RR intervals.",frequency domain metrics are extracted from the RR intervals.,Atrial activity is isolated by QRST cancellation using principal component analysis.,Spectral analysis of the atrial signal detects the presence of dominant frequencies between 4-9 Hz indicative of atrial fibrillation.,A random forest classifier makes the final AF determination based on the extracted features.,,,,,,,,,,,,,,,,
,,,denoising,denoising,denoising,detecting_temporal_points,detecting_temporal_points,extracting_features,extracting_features,reconstructing_signal,extracting_features,predicting_ml,,,,,,,,,,,,,,,,
2,"Processing involves 0.5-50 Hz filtering, adaptive notch filtering, and baseline correction. R-peaks are detected for HRV analysis. Other waves waves are delineated for QRST cancellation, which isolates atrial activity. Frequency content between 4-9 Hz and HRV features feed into random forest classification for AF detection.",ECG,0.5-50 Hz filtering,Adaptive notch filtering,Baseline correction,R-peaks are detected,HRV analysis,Other waves waves are delineated,"QRST cancellation, which isolates atrial activity",Frequency content between 4-9 Hz,HRV features,Frequency content between 4-9 Hz and HRV features feed into random forest classification for AF detection.,,,,,,,,,,,,,,,,
,,,denoising,denoising,denoising,detecting_temporal_points,extracting_features,detecting_temporal_points,reconstructing_signal,extracting_features,extracting_features,predicting_ml,,,,,,,,,,,,,,,,
2,"Filter 0.5-50 Hz, adaptive notch filter, baseline correction. Detect R-peaks and other waves. Perform QRST cancellation, HRV analysis and spectral analysis. Apply random forest for AF classification.",ECG,Filter 0.5-50 Hz,adaptive notch,Baseline correction,Detect R-peaks,Detect other waves,Perform QRST cancellation,Perform HRV analysis,Perform spectral analysis,Apply random forest for AF classification,,,,,,,,,,,,,,,,,
,,,denoising,denoising,denoising,detecting_temporal_points,detecting_temporal_points,reconstructing_signal,extracting_features,extracting_features,predicting_ml,,,,,,,,,,,,,,,,,
3,"ECG signals are preprocessed with a 0.5-100 Hz bandpass filter to preserve essential components. Baseline drift is removed using median filtering. QRS complexes are detected to segment the signal into heartbeat cycles. Each heartbeat is aligned using the R-peak as a reference point. Dimensionality reduction is performed using Principal Component Analysis, retaining 95% of variance. The reduced-dimension signal is encoded using discrete wavelet transform with Daubechies wavelets (db4). Wavelet coefficients below a threshold determined by the target compression ratio are set to zero (sparse coding). Huffman encoding provides lossless compression of the sparse coefficients. Reconstruction reverses the process, with quality evaluated using percentage root mean square difference (PRD) between original and reconstructed signals.",ECG,ECG signals are preprocessed with a 0.5-100 Hz bandpass filter to preserve essential components.,Baseline drift is removed using median filtering.,QRS complexes are detected to segment the signal into heartbeat cycles.,Each heartbeat is aligned using the R-peak as a reference point.,"Dimensionality reduction is performed using Principal Component Analysis, retaining 95% of variance.",The reduced-dimension signal is encoded using discrete wavelet transform with Daubechies wavelets (db4).,Wavelet coefficients below a threshold determined by the target compression ratio are set to zero (sparse coding).,Huffman encoding provides lossless compression of the sparse coefficients.,Reconstruction reverses the process,evaluated using percentage root mean square difference (PRD) between original and reconstructed signals.,,,,,,,,,,,,,,,,
,,,denoising,denoising,segmenting,aligning_signals,reconstructing_signal,reconstructing_signal,thresholding,compressing_signal,reconstructing_signal,comparing_signals,,,,,,,,,,,,,,,,
3,Signal processing involves 0.5-100 Hz filtering and baseline correction. QRS detection segments and aligns heartbeat cycles. PCA reduces dimensionality while preserving 95% variance. Sparse coding via wavelet transform and thresholding. Then Huffman encoding for compression and further reducing size. The signal tries to be reconstructed. Reconstruction quality is assessed using PRD metrics.,ECG,0.5-100 Hz filtering,Baseline correction,QRS detection segments heartbeat cycles.,Heartbeat cycles are aligned.,PCA reduces dimensionality while preserving 95% variance.,Sparse coding via wavelet transform and thresholding.,Waveletet coefficients are thresholded ,Then Huffman encoding for compression and further reducing size.,The signal tries to be reconstructed,Reconstruction quality is assessed using PRD metrics.,,,,,,,,,,,,,,,,
,,,denoising,denoising,segmenting,aligning_signals,reconstructing_signal,reconstructing_signal,thresholding,compressing_signal,quality_assessment,comparing_signals,,,,,,,,,,,,,,,,
3,"Filter 0.5-100 Hz and remove baseline. Segment via QRS detection. Apply PCA, wavelet transform, and thresholding. Perform Huffman encoding. Evaluate reconstruction quality with PRD.",ECG,Filter 0.5-100 Hz,Remove baseline,Segment via QRS detection,Apply PCA,Apply wavelet transform,Apply thresholding,Perform Huffman encoding,Evaluate reconstruction quality with PRD,,,,,,,,,,,,,,,,,,
,,,denoising,denoising,segmenting,reconstructing_signal,reconstructing_signal,thresholding,compressing_signal,comparing_signals,,,,,,,,,,,,,,,,,,
4,"ECG signals are preprocessed using a 0.5-50 Hz bandpass filter and power line interference is removed with a 50/60 Hz adaptive notch filter. R-peaks are detected using the Pan-Tompkins algorithm with adaptive thresholding. Ectopic beats and artifacts are identified and corrected using the method of non-linear predictive interpolation. Normal-to-normal (NN) intervals are calculated from the corrected R-peak series. Time-domain HRV measures including SDNN, RMSSD, pNN50, and triangular index are extracted from the NN intervals. Frequency-domain analysis is performed using Lomb-Scargle periodogram to avoid resampling, with power calculated in VLF (0.003-0.04 Hz), LF (0.04-0.15 Hz), and HF (0.15-0.4 Hz) bands. Non-linear features including sample entropy, approximate entropy, Poincaré plot metrics (SD1, SD2), and detrended fluctuation analysis scaling exponents are computed. Results are normalized to subject baseline and visualized with time plots and heat maps.",ECG,ECG signals are preprocessed using a 0.5-50 Hz bandpass filter,Power line interference is removed with a 50/60 Hz adaptive notch filter,R-peaks are detected using the Pan-Tompkins algorithm with adaptive thresholding,Ectopic beats and artifacts are identified and corrected using the method of non-linear predictive interpolation.,Normal-to-normal (NN) intervals are calculated from the corrected R-peak series.,"Time-domain HRV measures including SDNN, RMSSD, pNN50, and triangular index are extracted from the NN intervals.","Frequency-domain analysis is performed using Lomb-Scargle periodogram to avoid resampling, with power calculated in VLF (0.003-0.04 Hz), LF (0.04-0.15 Hz), and HF (0.15-0.4 Hz) bands.","Non-linear features including sample entropy, approximate entropy, Poincaré plot metrics (SD1, SD2), and detrended fluctuation analysis scaling exponents are computed. ",Results are normalized to subject baseline,Results are visualized with time plots and heat maps,,,,,,,,,,,,,,,,
,,,denoising,denoising,detecting_temporal_points,correcting_artifacts,computing_arithmetics,extracting_features,extracting_features,extracting_features,normalizing,plotting,,,,,,,,,,,,,,,,
4,"Processing includes 0.5-50 Hz bandpass and powerline notch filtering. R-peaks detected via Pan-Tompkins algorithm undergo ectopic beat correction. NN intervals form the basis for time-domain (SDNN, RMSSD, pNN50), frequency-domain (VLF, LF, HF via Lomb-Scargle), and non-linear HRV metrics (entropy measures, Poincaré plot, DFA). Results are normalized to baseline and visualized.",ECG,0.5-50 Hz bandpass filtering,Powerline notch filtering,R-peaks are detected via Pan-Tompkins algorithm,R-peaks undergo ectopic beat correction,NN intervals are calculated,"NN intervals form the basis for time-domain metrics (SDNN, RMSSD, pNN50).","NN intervals form the basis for frequency-domain metrics (VLF, LF, HF via Lomb-Scargle).","NN intervals form the basis for non-linear HRV metrics (entropy measures, Poincaré plot, DFA).",Results are normalized to baseline,Results are visualized,,,,,,,,,,,,,,,,
,,,denoising,denoising,detecting_temporal_points,artifact_correction,computing_arithmetics,extracting_features,extracting_features,extracting_features,normalizing,plotting,,,,,,,,,,,,,,,,
4,Filter between 0.5-50 Hz and notch filter. Detect and correct R-peaks. Calculate time and frequency domain HRV metrics plus non-linear features. Normalize and visualize results.,ECG,Filter between 0.5-50 Hz,notch filter,Detect R-peaks,Correct R-peaks,Calculate time domain HRV metrics,Calculate frequency domain HRV metrics,Calculate non-linear features,Normalize results,Visualize results,,,,,,,,,,,,,,,,,
,,,denoising,denoising,detecting_temporal_points,artifact_correction,extracting_features,extracting_features,extracting_features,normalizing,plotting,,,,,,,,,,,,,,,,,
5,"ECG data is filtered between 0.5-45 Hz using a Butterworth filter and power line interference is removed with adaptive notch filtering. Beat detection and segmentation are performed using an enhanced Pan-Tompkins algorithm. Each heartbeat is aligned using the R-peak and normalized in amplitude. Morphological features are extracted including P-wave, QRS complex, and T-wave durations, amplitudes, and areas. Interval features (PR, QT, ST) are calculated and corrected for heart rate when appropriate. Frequency domain features are computed using FFT for each wave component. Wavelet coefficients are extracted using a 5-level discrete wavelet decomposition with Daubechies wavelets. Statistical features including mean, variance, skewness, and kurtosis are calculated for each wavelet subband. Feature selection is performed using recursive feature elimination with cross-validation. Selected features are standardized using z-score normalization and fed into an ensemble of classifiers (SVM, Random Forest, and Gradient Boosting) for arrhythmia classification.",ECG,ECG data is filtered between 0.5-45 Hz using a Butterworth filter,Power line interference is removed with adaptive notch filtering,Beat detection and segmentation are performed using an enhanced Pan-Tompkins algorithm.,Each heartbeat is aligned using the R-peak,Each heartbeat is normalized in amplitude.,"Morphological features are extracted including P-wave, QRS complex, and T-wave durations, amplitudes, and areas.","Interval features (PR, QT, ST) are calculated and corrected for heart rate when appropriate.",Frequency domain features are computed using FFT for each wave component.,Wavelet coefficients are extracted using a 5-level discrete wavelet decomposition with Daubechies wavelets.,"Statistical features including mean, variance, skewness, and kurtosis are calculated for each wavelet subband.",Feature selection is performed using recursive feature elimination with cross-validation.,Selected features are standardized using z-score normalization,"Features are fed into an ensemble of classifiers (SVM, Random Forest, and Gradient Boosting) for arrhythmia classification.",,,,,,,,,,,,,
,,,denoising,denoising,segmenting,aligning_signals,transforming,extracting_features,extracting_features,extracting_features,extracting_features,computing_statistics,extracting_features,extracting_features,predicting_ml,,,,,,,,,,,,,
5,"Processing pipeline: 0.5-45 Hz filtering and adaptive notch filtering. Identify individual heartbeats and normalize them. individual heartbeats. Feature extraction includes morphological metrics (wave durations, amplitudes, areas), interval measures, frequency components, and wavelet coefficients. Statistical properties of each wavelet sub-band are computed. All these features undergo selection via RFE-CV. Z-score standardized features feed an ensemble classifier for arrhythmia detection.",ECG,0.5-45 Hz filtering,Adaptive notch filtering,Identify individual heartbeats,Normalize individual heartbeats,"Feature extraction includes morphological metrics (wave durations, amplitudes, areas).",Feature extraction includes interval measures.,Feature extraction includes frequency components.,Feature extraction includes wavelet coefficients.,Statistical properties of each wavelet sub-band are computed.,All these features undergo selection via RFE-CV.,Z-score standardization is applied to the selected features.,Ensemble classifier performs arrhythmia detection.,,,,,,,,,,,,,,
,,,denoising,denoising,segmenting,transforming,extracting_features,extracting_features,extracting_features,extracting_features,computing_statistics,feature_selection,normalizing,predicting_ml,,,,,,,,,,,,,,
5,"Filter 0.5-45 Hz with notch. Detect and normalize beats. Extract morphological, interval, spectral, and wavelet features. Apply feature selection, standardization, and ensemble classification.",ECG,Filter 0.5-45 Hz,Apply notch filter,Detect and normalize beats,"Extract morphological, interval features",Extract spectral features,Extract wavelet features,Apply feature selection,Standardize features,Apply ensemble classification,,,,,,,,,,,,,,,,,
,,,denoising,denoising,detecting_temporal_points,extracting_features,extracting_features,extracting_features,feature_selection,normalizing,predicting_ml,,,,,,,,,,,,,,,,,
6,"ECG recordings are preprocessed with a 0.5-150 Hz bandpass filter to preserve high-frequency components. Baseline wander is removed using a cubic spline technique. QRS complexes are detected using a wavelet-based approach optimized for morphological preservation. Beat segmentation extracts windows from 250ms before to 400ms after each R-peak. Segmented beats are classified as normal or ectopic, with ectopic beats excluded from subsequent analysis. Waveform delineation identifies the onset and offset of P waves, QRS complexes, and T waves using a wavelet transform approach. ST segment deviations are measured at the J-point and J+80ms. T-wave morphology is characterized by symmetry, area, and complexity measures. QT interval is measured and corrected using Fridericia's formula. Multiple leads are analyzed independently and results are combined using rule-based logic for spatial information integration. A clinical risk score is calculated based on the morphological deviations from reference templates.",ECG,ECG recordings are preprocessed with a 0.5-150 Hz bandpass filter,Baseline wander is removed using a cubic spline technique,QRS complexes are detected using a wavelet-based approach optimized for morphological preservation.,Beat segmentation extracts windows from 250ms before to 400ms after each R-peak.,Segmented beats are classified as normal or ectopic,Ectopic beats are excluded from subsequent analysis,"Waveform delineation identifies the onset and offset of P waves, QRS complexes, and T waves using a wavelet transform approach. ",ST segment deviations are measured at the J-point and J+80ms,"T-wave morphology is characterized by symmetry, area, and complexity measures",QT interval is measured and corrected using Fridericia's formula,Multiple leads are analyzed independently,Results are combined using rule-based logic for spatial information integration.,A clinical risk score is calculated based on the morphological deviations from reference templates.,,,,,,,,,,,,,
,,,denoising,denoising,detecting_temporal_points,segmenting,annotating_epochs,selecting_epochs,detecting_temporal_points,extracting_features,extracting_features,extracting_features,loop_channels,spatial_joining,computing_statistics,,,,,,,,,,,,,
6,"Signal processing: 0.5-150 Hz filtering and cubic spline baseline removal. Wavelet-based QRS detection precedes beat windowing (250ms pre-R to 400ms post-R). Normal beats undergo waveform delineation for P, QRS, and T boundaries. Morphological analysis examines ST deviations, T-wave characteristics, and corrected QT intervals across leads. Results integrate into a clinical risk score based on template deviations.",ECG,0.5-150 Hz filtering,cubic spline baseline removal,Wavelet-based QRS detection,beat windowing (250ms pre-R to 400ms post-R),"Normal beats undergo waveform delineation for P, QRS, and T boundaries.","Morphological analysis examines ST deviations, T-wave characteristics, and corrected QT intervals across leads.",Results integrate into a clinical risk score based on template deviations.,,,,,,,,,,,,,,,,,,,
,,,denoising,denoising,detecting_temporal_points,segmenting,detecting_temporal_points,extracting_features,computing_statistics,,,,,,,,,,,,,,,,,,,
6,"Filter 0.5-150 Hz and correct baseline. Detect beats using wavelets. Segment normal beats and delineate waveforms. Analyze ST, T-wave morphology, and QTc. Calculate multi-lead risk score.",ECG,Filter 0.5-150 Hz,Correct baseline,Detect beats using wavelets,Segment normal beats,Delineate waveforms,"Analyze ST, T-wave, and QTc",Calculate multi-lead risk score.,,,,,,,,,,,,,,,,,,,
,,,denoising,denoising,detecting_temporal_points,segmenting,detecting_temporal_points,extracting_features,computing_statistics,,,,,,,,,,,,,,,,,,,
7,"Continuous ECG signals are acquired and initially filtered with a 0.5-40 Hz bandpass filter. Power line interference is removed using a notch filter centered at 50/60 Hz. An adaptive baseline removal algorithm corrects for baseline drift. The signal is segmented into 30-second non-overlapping windows. For each window, QRS complexes are detected using the Hamilton-Tompkins algorithm. Signal quality is assessed using metrics such as kurtosis, baseline deviation, and signal-to-noise ratio. Windows with low quality are marked for more intensive processing. Subsampling is applied to high-quality segments, reducing the sampling rate from 250 Hz to 50 Hz. A beat template is created by aligning and averaging selected normal beats. For each new beat, a similarity score to the template is calculated. Beats with low similarity undergo full feature extraction, while similar beats use lightweight processing. Heart rate is continuously calculated using a 10-second moving window with 50% overlap. Significant changes in heart rate or beat morphology trigger alerts via the monitoring system.",ECG,Continuous ECG signals are acquired and initially filtered with a 0.5-40 Hz bandpass filter,Power line interference is removed using a notch filter centered at 50/60 Hz.,An adaptive baseline removal algorithm corrects for baseline drift.,The signal is segmented into 30-second non-overlapping windows.,"For each window, QRS complexes are detected using the Hamilton-Tompkins algorithm.","Signal quality is assessed using metrics such as kurtosis, baseline deviation, and signal-to-noise ratio.",Windows with low quality are marked for more intensive processing.," Subsampling is applied to high-quality segments, reducing the sampling rate from 250 Hz to 50 Hz.",A beat template is created by aligning and averaging selected normal beats.,"For each new beat, a similarity score to the template is calculated.","Beats with low similarity undergo full feature extraction, while similar beats use lightweight processing.",Heart rate is continuously calculated using a 10-second moving window with 50% overlap.,Significant changes in heart rate or beat morphology trigger alerts via the monitoring system.,,,,,,,,,,,,,
,,,denoising,denoising,denoising,segmenting,detecting_temporal_points,assessing_signal_quality,selecting_epochs,resampling,averaging_signals,computing_statistics,thresholding,extracting_features,computing_statistics,,,,,,,,,,,,,
7,"Processing involves 0.5-40 Hz filtering and powerline notch and adaptive baseline correction. The signal is segmented into 30s windows for QRS detection and quality assessment. High-quality segments are subsampled to 50 Hz and averaged to create a beat template. Beat templates guide processing intensity: similar beats receive lightweight analysis while dissimilar ones undergo full feature extraction. Heart rate is monitored via 10s overlapping windows, with significant changes triggering alerts.",ECG,0.5-40 Hz filtering,powerline notch,adaptive baseline correction,The signal is segmented into 30s windows,QRS detection,quality assessment ,High-quality segments are subsampled to 50 Hz,High-quality segments are averaged to create a beat template.,Beat templates guide processing intensity: similar beats receive lightweight analysis while dissimilar ones undergo full feature extraction.,Heart rate is monitored via 10s overlapping windows,Significant changes in heart rate trigger alerts.,,,,,,,,,,,,,,,
,,,denoising,denoising,denoising,segmenting,detecting_temporal_points,assessing_signal_quality,resampling,averaging_signals,computing_statistics,extracting_features,computing_statistics,,,,,,,,,,,,,,,
7,"Filter 0.5-40 Hz, notch filter and baseline correction. Segment into 30s windows. Assess quality and subsample good segments. Create beat templates for optimized processing. Monitor HR in 10s windows and alert on significant changes.",ECG,Filter 0.5-40 Hz,noth filter,baseline correction,Segment into 30s windows,Assess quality,Subsample good segments,Create beat templates for optimized processing.,Monitor HR in 10s windows,Alert on significant HR changes,,,,,,,,,,,,,,,,,
,,,denoising,denoising,denoising,segmenting,assessing_signal_quality,resampling,averaging_signals,extracting_features,computing_statistics,,,,,,,,,,,,,,,,,
8,"ECG signals are preprocessed with a 0.5-45 Hz Butterworth bandpass filter. Power line interference is removed using an adaptive notch filter. Baseline wander is corrected with a median filter of 200ms window length. R-peaks are detected using a wavelet-based QRS detection algorithm. Heart rate variability features are extracted from RR intervals in 60-second windows with 50% overlap, including time-domain (RMSSD, SDNN, pNN50) and frequency-domain metrics (LF, HF, LF/HF ratio). Non-linear HRV metrics are calculated including sample entropy, Poincaré plot descriptors (SD1, SD2), and detrended fluctuation analysis scaling exponents. ECG morphology features are extracted including QRS width, QT interval, and T-wave amplitude. Statistical descriptors (mean, standard deviation, range) are calculated for each feature over the window. Feature selection is performed using mutual information criteria. Selected features are normalized using min-max scaling and fed into a support vector machine with RBF kernel for emotion classification into four quadrants (high/low arousal, positive/negative valence).",ECG,ECG signals are preprocessed with a 0.5-45 Hz Butterworth bandpass filter.,Power line interference is removed using an adaptive notch filter.,Baseline wander is corrected with a median filter of 200ms window length.,R-peaks are detected using a wavelet-based QRS detection algorithm.,R intervals in 60-second windows with 50% overlap,"Heart rate variability time-domain features are extracted, including RMSSD, SDNN, pNN50.","Heart rate variability frequency-domain features are extracted, including LF, HF, LF/HF ratio.","Heart rate variability non-linear features are extracted, including sample entropy, Poincaré plot descriptors (SD1, SD2), and detrended fluctuation analysis scaling exponents. ","ECG morphology features are extracted including QRS width, QT interval, and T-wave amplitude.","Statistical descriptors (mean, standard deviation, range) are calculated for each feature over the window.",Feature selection is performed using mutual information criteria.,Selected features are normalized using min-max scaling,"Features are fed into a support vector machine with RBF kernel for emotion classification into four quadrants (high/low arousal, positive/negative valence).",,,,,,,,,,,,,
,,,denoising,denoising,denoising,detecting_temporal_points,segmenting,extracting_features,extracting_features,extracting_features,extracting_features,computing_statistics,selecting_features,normalizing,training_ml,,,,,,,,,,,,,
8,"Signal processing includes 0.5-45 Hz Butterworth filtering with adaptive notch and median baseline correction. Wavelet-based QRS detection enables HRV analysis in 60s windows (50% overlap). Features include time-domain, frequency-domain, and non-linear HRV metrics alongside ECG morphology parameters. Statistical descriptors of these features undergo selection via mutual information before min-max normalization. SVM classification maps signals to four emotion quadrants.",ECG,0.5-45 Hz Butterworth filtering,Adaptive notch,median baseline correction,Wavelet-based QRS detection enables ,60s windows (50% overlap),HRV time-domain features,HRV frequency-domain features,HRV non-linear features,ECG morphology parameters ,Statistical descriptors of these features,Statistical descriptors undergo selection via mutual information,Selected descriptor undergo min-max normalization,SVM classification maps signals to four emotion quadrants.,,,,,,,,,,,,,
,,,denoising,denoising,denoising,detecting_temporal_points,segmenting,extracting_features,extracting_features,extracting_features,extracting_features,computing_statistics,selecting_features,feature_selection,training_ml,,,,,,,,,,,,,
8,"Filter 0.5-45 Hz with notch and baseline correction. Detect R-peaks using wavelets. Extract HRV and morphology features from 60s windows. Compute mean, std, range of features across widnows. Apply feature selection with MI, min-max normalization, and SVM for emotion classification.",ECG,Filter 0.5-45 Hz,noth,baseline correction,Detect R-peaks using wavelets.,60 second windows,Extract HRV features,Extract morphology features,"Compute mean, std, range of features across widnows.",Apply feature selection with MI,min-max normalization,SVM for emotion classification,,,,,,,,,,,,,,,
,,,denoising,denoising,denoising,detecting_temporal_points,segmenting,extracting_features,extracting_features,extracting_features,selecting_features,normalizing,predicting_ml,,,,,,,,,,,,,,,
9,"ECG signals undergo initial preprocessing with a 0.5-50 Hz bandpass filter. Signal segmentation divides the ECG into 10-second non-overlapping windows. For each window, quality assessment metrics are calculated including kurtosis, baseline wandering, power line interference level, and muscle artifact level. Adaptive filtering is applied with filter parameters determined by the detected noise types. High-frequency noise is suppressed using wavelet denoising with soft thresholding, selecting the optimal wavelet family based on signal characteristics. Baseline wander is removed using an ensemble empirical mode decomposition approach. Power line interference is eliminated using a time-varying notch filter adjusting to frequency variations. Motion artifacts are reduced using empirical mode decomposition with subsequent reconstruction excluding corrupted modes. The enhanced signal quality is quantified using signal-to-noise ratio, correlation with a template, and percentage of identifiable beats. Windows with quality below a threshold are marked as unreliable for clinical interpretation.",ECG,ECG signals undergo initial preprocessing with a 0.5-50 Hz bandpass filter.,Signal segmentation divides the ECG into 10-second non-overlapping windows.,"For each window, quality assessment metrics are calculated including kurtosis, baseline wandering, power line interference level, and muscle artifact level.",Adaptive filtering is applied with filter parameters determined by the detected noise types. ,"High-frequency noise is suppressed using wavelet denoising with soft thresholding, selecting the optimal wavelet family based on signal characteristics.",Baseline wander is removed using an ensemble empirical mode decomposition approach.,Power line interference is eliminated using a time-varying notch filter adjusting to frequency variations.,Motion artifacts are reduced using empirical mode decomposition with subsequent reconstruction excluding corrupted modes.,"The enhanced signal quality is quantified using signal-to-noise ratio, correlation with a template, and percentage of identifiable beats.",Windows with quality below a threshold are marked as unreliable for clinical interpretation.,,,,,,,,,,,,,,,,
,,,denoising,segmenting,assessing_signal_quality,branching,denoising,denoising,denoising,denoising,assessing_signal_quality,annotating_epochs,,,,,,,,,,,,,,,,
9,"Processing pipeline: 0.5-50 Hz filtering followed by segmentation into 10s windows. Quality metrics (kurtosis, baseline wandering, interference levels) guide adaptive enhancement. Noise-specific techniques include wavelet denoising for high-frequency noise, EEMD for baseline wander, time-varying notch for powerline, and EMD for motion artifacts. Enhanced quality is assessed via SNR, template correlation, and beat detection rate, with low-quality segments flagged as unreliable.",ECG,0.5-50 Hz filtering,Segmentation into 10s windows,"Quality metrics (kurtosis, baseline wandering, interference levels) guide adaptive enhancement.",Noise-specific techniques,wavelet denoising for high-frequency noise,EEMD for baseline wander,time-varying notch for powerline,EMD for motion artifacts,"Enhanced quality is assessed via SNR, template correlation, and beat detection rate",Low-quality segments are flagged as unreliable,,,,,,,,,,,,,,,,
,,,denoising,segmenting,assessing_signal_quality,branching,denoising,denoising,denoising,denoising,assessing_signal_quality,annotating_epochs,,,,,,,,,,,,,,,,
9,"Filter 0.5-50 Hz and segment into 10s windows. Assess quality metrics and apply adaptive filtering depending on the types of noise found. Use wavelet denoising, EEMD, and EMD for specific noise types. Evaluate enhanced signals and flag unreliable segments.",ECG,Filter 0.5-50 Hz,Segment into 10s windows,Assess quality metrics,apply adaptive filtering depending on the types of noise found,wavelet denoising,EEMD,EMD,Evaluate enhanced signals,flag unreliable segments,,,,,,,,,,,,,,,,,
,,,denoising,segmenting,assessing_signal_quality,branching,denoising,denoising,denoising,assessing_signal_quality,annotating_epochs,,,,,,,,,,,,,,,,,
10,"ECG recordings are preprocessed with a 1-45 Hz bandpass filter and power line interference is removed with a 50/60 Hz notch filter. Baseline drift is corrected using cubic spline interpolation method. QRS detection is performed using the Pan-Tompkins algorithm with adaptive thresholding. Individual heartbeats are segmented from 200ms before to 400ms after the R-peak. Ectopic beats and noise-contaminated beats are identified and excluded using morphological criteria. Heartbeats are aligned using correlation-based shifting to account for temporal variations. Fiducial points (P, Q, R, S, T) are detected using a wavelet-based approach. Feature extraction includes temporal intervals (PQ, QRS, QT), amplitude ratios, area under curves, and morphological characteristics. Additional features are extracted using discrete wavelet transform with Daubechies wavelets (db6), retaining coefficients at the 3rd, 4th, and 5th decomposition levels. Dimensionality reduction is performed using linear discriminant analysis to maximize between-class separation. The reduced feature set is used to train a subject-specific Gaussian mixture model for identification. Matching scores are calculated based on log-likelihood ratios, with decision thresholds calibrated using a cohort normalization approach.",ECG,ECG recordings are preprocessed with a 1-45 Hz bandpass filter,power line interference is removed with a 50/60 Hz notch filter,Baseline drift is corrected using cubic spline interpolation method,QRS detection is performed using the Pan-Tompkins algorithm with adaptive thresholding,Individual heartbeats are segmented from 200ms before to 400ms after the R-peak.,Ectopic beats and noise-contaminated beats are identified and excluded using morphological criteria.,Heartbeats are aligned using correlation-based shifting to account for temporal variations.,"Fiducial points (P, Q, R, S, T) are detected using a wavelet-based approach.","Feature extraction includes temporal intervals (PQ, QRS, QT), amplitude ratios, area under curves, and morphological characteristics.","Additional features are extracted using discrete wavelet transform with Daubechies wavelets (db6), retaining coefficients at the 3rd, 4th, and 5th decomposition levels.",Dimensionality reduction is performed using linear discriminant analysis to maximize between-class separation.,The reduced feature set is used to train a subject-specific Gaussian mixture model for identification.,"Matching scores are calculated based on log-likelihood ratios, with decision thresholds calibrated using a cohort normalization approach.",,,,,,,,,,,,,
,,,denoising,denoising,denoising,detecting_temporal_points,segmenting,selecting_epochs,aligning_signals,detecting_temporal_points,extracting_features,extracting_features,selecting_features,training_ml,computing_statistics,,,,,,,,,,,,,
10,"Signal processing: 1-45 Hz filtering with notch filter and baseline correction. QRS detection enables beat segmentation (200ms pre-R to 400ms post-R), with abnormal beats excluded. Beats are aligned and fiducial points detected via wavelet analysis. Features include temporal intervals, amplitude measures, curve areas, and wavelet coefficients (db6, levels 3-5). LDA reduces dimensionality before GMM training for subject identification, with matching based on log-likelihood ratios and cohort-normalized thresholds.",ECG,1-45 Hz filtering,notch filter,baseline correction,QRS detection,beat segmentation (200ms pre-R to 400ms post-R),Abnormal beats are excluded,Beats are aligned,Fiducial points are detected via wavelet analysis,"Features include temporal intervals, amplitude measures, and curve areas","Features include aavelet coefficients (db6, levels 3-5)",LDA reduces dimensionality,GMM is trained for subject identification,Matching uses log-likelihood ratios with cohort-normalized thresholds,,,,,,,,,,,,,
,,,denoising,denoising,denoising,detecting_temporal_points,segmenting,selecting_epochs,aligning_signals,detecting_temporal_points,extracting_features,extracting_features,selecting_features,training_ml,computing_statistics,,,,,,,,,,,,,
10,"Filter 1-45 Hz with notch and baseline correction. Detect QRS complexes. Segment beats around R-peaks. Exclude abnormal beats. Align beats. Detect fiducial points. Extract temporal, amplitude, and wavelet features. Apply LDA for dimensionality reduction and train GMM for biometric matching with cohort normalization.",ECG,Filter 1-45 Hz,notch,baseline correction,Segment beats around R-peaks,Exclude abnormal beats,Align beats,Detect fiducial points,Extract temporal features,Extract amplitude features,Extract wavelet features,Apply LDA for dimensionality reduction,Train GMM for biometric identification,Biometric matching with cohort normalization.,,,,,,,,,,,,,
,,,denoising,denoising,denoising,segmenting,selecting_epochs,aligning_signals,detecting_temporal_points,extracting_features,extracting_features,extracting_features,selecting_features,training_ml,computing_statistics,,,,,,,,,,,,,