Pipeline,Prompt,Modality,Steps & Goals,,,,,,,,,,,,,,
1,"Signals are filtered between 1-70 Hz and at 50 Hz with a notch filter Then we extract Hjorth parameters, mean, std and Shannon, in windows of 5 seconds. We extract relative spectral power in delta, theta, alpha and beta bands, in windows of 10 seconds (STFT with 2-second windows). We extract channel-pair-wise phase lag index and coherence, also for the mentioned spectral bands, in 5 second windows and average them by ROIs: frontal, temporal, parietal and occipital. For time and connectivity features, average every two values. Save all features to a CSV.",EEG,Signals are filtered between 1-70 Hz,Signals are filtered at 50 Hz with a notch filter,"Extract Hjorth parameters, mean, std and Shannon, in windows of 5 seconds.","Extract relative spectral power in delta, theta, alpha and beta bands, in windows of 10 seconds (STFT with 2-second windows)","Extract channel-pair-wise phase lag index and coherence, also for delta, theta, alpha and beta bands, in 5 second windows.","Average pair-wise phase lag index and coherence features by ROIs: frontal, temporal, parietal and occipital.","For time and connectivity features, average every two values.",Save all features to a CSV.,,,,,,,
,,,denoising,denoising,extracting_features,extracting_features,extracting_features,spatial_averaging,temporal_averaging,exporting,,,,,,,
1,"Signals are bandpass filtered between 1 and 70 Hz and notch filtered at 50 Hz. Then we extract time features, spectral features, and connectivity. Time features are Hjorth parameters, mean, standard deviation and Shannon entropy, in windows of 5 seconds. Spectral features are relative power in delta, theta, alpha and beta bands, in windows of 10 seconds (STFT with 2-second windows). Connectivity features are phase lag index and coherence, between each pair of electrodes, also for each of the delta, theta, alpha and beta bands, in 5 second windows. After, the connectivity  features need to be averaged by ROIs: frontal, temporal, parietal and occipital. For time and connectivity features, average every two values to get a time resolution of 10 seconds for all features. Save all features to a CSV, where each row is a 10-second window, and each column is a feature.",EEG,Signals are bandpass filtered between 1 and 70 Hz,Signals are notch filtered at 50 Hz.,"Extract time features in windows of 5 seconds. Time features are Hjorth parameters, mean, standard deviation and Shannon entropy.","Extract  spectral features in windoes of 10 seconds (STFT with 2-second windows).  Spectral features are relative power in delta, theta, alpha and beta bands.","Extract connectivity features in 5 second windows.  Connectivity features are phase lag index and coherence, between each pair of electrodes, also for each of the delta, theta, alpha and beta bands.","After, the connectivity  features need to be averaged by ROIs: frontal, temporal, parietal and occipital. ","For time and connectivity features, average every two values to get a time resolution of 10 seconds for all features."," Save all features to a CSV, where each row is a 10-second window, and each column is a feature.",,,,,,,
,,,denoising,denoising,extracting_features,extracting_features,extracting_features,spatial_averaging,temporal_averaging,exporting,,,,,,,
1,"Signals are 1-70 Hz filtered and with notch at 50 Hz. Extraction of Hjorth parameters, mean, std, Shannon, PLI and COH, in 5 second windows. PLI and COH are for each delta, theta, alpha and beta bands; and at the end we average them by ROIs: frontal, temporal, parietal and occipital. Extraction of delta, theta, alpha and beta powers, in windows of 10 seconds. Save all features to a CSV with 10-second resolution.",EEG,Signals are 1-70 Hz filtered,Signals are notch filtered at 50 Hz,"Extraction of Hjorth parameters, mean, std, Shannon, in 5 second windows.","Extraction of  PLI and COH, in 5 second windows. PLI and COH are for each delta, theta, alpha and beta bands.","At the end we average PLI and COH by ROIs: frontal, temporal, parietal and occipital.","Extraction of delta, theta, alpha and beta powers, in windows of 10 seconds.",Save all features to a CSV.,,,,,,,,
,,,denoising,denoising,extracting_features,extracting_features,spatial_averaging,extracting_features,exporting,,,,,,,,
2,"A bandpass IIR 10-order filter between 1 and 45 Hz followed by a segmenter of window length 30 seconds and no overlap. For each segment, a feature extractor extracts HRV features, the HR values across segments are taken and averaged.",ECG,A bandpass IIR 10-order filter between 1 and 45 Hz,A segmenter of window length 30 seconds and no overlap,"For each segment, a feature extractor extracts HRV features.",The HR values across segments are taken and averaged.,,,,,,,,,,,
,,,denoising,segmenting,extracting_features,temporal_averaging,,,,,,,,,,,
2,The signal is filtered between 1 and 45 Hz followed and segmented in 30-second windows. HRV features are extracted for each window and the HR values averaged across windows.,ECG,The signal is filtered between 1 and 45 Hz,The signal is segmented 30-second windows.,HRV features are extracted for each window.,HR values are averaged across windows.,,,,,,,,,,,
,,,denoising,segmenting,extracting_features,temporal_averaging,,,,,,,,,,,
2,Filtering 1-45 Hz and epoching in 30-second windows. Extract HRV from each window and average HR across windows.,ECG,Filtering 1-45 Hz,Epoching in 30-second windows,Extract HRV from each window,Average HR across windows,,,,,,,,,,,
,,,denoising,segmenting,extracting_features,temporal_averaging,,,,,,,,,,,
2,Filtering 1-45 Hz; HRV extraction in 30-second windows; HR averaged across windows.,ECG,Filtering 1-45 Hz, HRV extraction in 30-second windows,HR is averaged across windows,,,,,,,,,,,,
,,,denoising,extracting_features,temporal_averaging,,,,,,,,,,,,
2,"Signals are 1-45 Hz filtered, and HR is averaged across 30-second windows.",ECG,Signals are 1-45 Hz filtered,HR is extracted in 30-second windows,HR averaged across windows,,,,,,,,,,,,
,,,denoising,extracting_features,temporal_averaging,,,,,,,,,,,,
3,Raw EEG is bandpass filtered (0.5-45 Hz) and notch filtered at 60 Hz. Extract root mean square (RMS) and variance in 2-second windows. Compute alpha band (8-12 Hz) power using FFT with 4-second windows.,EEG,Raw EEG is bandpass filtered (0.5-45 Hz).,Notch filtered at 60 Hz.,Extract root mean square (RMS) and variance in 2-second windows.,Compute alpha band (8-12 Hz) power using FFT with 4-second windows.,,,,,,,,,,,
,,,denoising,denoising,extracting_features,extracting_features,,,,,,,,,,,
3,"Signals undergo 0.5-45 Hz bandpass + 60 Hz notch filtering. Time-domain features (RMS, variance) calculated in 2s epochs. Spectral analysis via FFT computes alpha power (8-12 Hz) in 4s windows.",EEG,Signals undergo 0.5-45 Hz bandpass,Signals undergo 60 Hz notch filtering,"Time-domain features (RMS, variance) calculated in 2s epochs.",Spectral analysis via FFT computes alpha power (8-12 Hz) in 4s windows. ,,,,,,,,,,,
,,,denoising,denoising,extracting_features,extracting_features,,,,,,,,,,,
4,Remove ocular artifacts via ICA. Bandpass filter 1-40 Hz. Extract log-variance in 3s windows. Calculate gamma (30-40 Hz) power with Welch’s method (2s overlap).,EEG,Remove ocular artifacts via ICA.,Bandpass filter 1-40 Hz.,Extract log-variance in 3s windows., Calculate gamma (30-40 Hz) power with Welch’s method (2s overlap).,,,,,,,,,,,
,,,denoising,denoising,extracting_features,extracting_features,,,,,,,,,,,
4,"Signals cleaned with ICA, then 1-40 Hz filtered. Features: log-variance (3s windows) and 30-40 Hz power (Welch, 2s overlap). ",EEG,Signals cleaned with ICA.,Signals are  1-40 Hz filtered.,Compute log-variance (3s windows),"Compute 30-40 Hz power (Welch, 2s overlap). ",,,,,,,,,,,
,,,denoising,denoising,extracting_features,extracting_features,,,,,,,,,,,
5,ERP pipeline: 0.1-30 Hz filter → baseline correction (-200-0 ms). Extract P300 amplitude/latency (50-300 ms post-stimulus). Average across Cz/Pz. Export trial-wise CSV.,EEG,0.1-30 Hz filter,baseline correction (-200-0 ms),Extract P300 amplitude/latency (50-300 ms post-stimulus).,Average across Cz/Pz.,Export trial-wise CSV.,,,,,,,,,,
,,,denoising,denoising,extracting_features,spatial_averaging,exporting,,,,,,,,,,
5,Preprocess with 0.1-30 Hz + baseline correction. Detect P300 peaks (50-300 ms) at Cz/Pz. Trial-by-trial amplitudes/latencies saved to CSV.,EEG,Preprocess with 0.1-30 Hz filter,baseline correction, Detect P300 peaks (50-300 ms) at Cz/Pz, Trial-by-trial amplitudes/latencies saved to CSV.,,,,,,,,,,,
,,,denoising,denoising,extracting_features,exporting,,,,,,,,,,,
6,"We first remove ocular artifacts via ICA, then apply a 1-45 Hz zero-phase FIR filter. Three parallel processes run: 1) Time-domain features (Hjorth mobility/complexity) in 4-second windows, 2) Theta/beta power using multitaper spectra with 6-second overlapping windows, and 3) Alpha-band phase locking between frontal-parietal regions over 5-second epochs. Features are z-scored and saved to HDF5 files with event markers.",EEG,Remove ocular artifacts via ICA,Apply a 1-45 Hz zero-phase FIR filter,Time-domain features (Hjorth mobility/complexity) in 4-second windows,Theta/beta power using multitaper spectra with 6-second overlapping windows,Alpha-band phase locking between frontal-parietal regions over 5-second epochs,Features are z-scored,Features are saved to HDF5 files with event markers.,,,,,,,,
,,,denoising,denoising,extracting_features,extracting_features,extracting_features,transforming,exporting,,,,,,,,
6,"ICA artifact removal → 1-45Hz FIR filtering. Concurrent extraction: Hjorth (4s), theta/beta MT spectra (6s, 50% overlap), fronto-parietal alpha PLV (5s). Z-normalized features in HDF5.",EEG,ICA artifact removal ,1-45Hz FIR filtering,Extraction of Hjorth (4s),"Theta/beta MT spectra (6s, 50% overlap)",Fronto-parietal alpha PLV (5s),Z-normalized features,Features in HDF5,,,,,,,,
,,,denoising,denoising,extracting_features,extracting_features,extracting_features,transforming,exporting,,,,,,,,
7,"Signals are re-referenced to mastoids, then processed through a 0.5-70 Hz elliptical filter. We calculate cross-frequency coupling between gamma amplitude (30-80 Hz) and theta phase (4-8 Hz) using the modulation index. Dynamic functional connectivity is estimated via sliding window PLI (10s windows, 2s steps). Results feed into a graph neural network for state classification, with model weights exported to ONNX format.",EEG,Signals are re-referenced to mastoids,Signals are processed through a 0.5-70 Hz elliptical filter,We calculate cross-frequency coupling between gamma amplitude (30-80 Hz) and theta phase (4-8 Hz) using the modulation index.,"Dynamic functional connectivity is estimated via sliding window PLI (10s windows, 2s steps).",Results feed into a graph neural network for state classification,model weights exported to ONNX format.,,,,,,,,,
,,,transforming,denoising,extracting_features,extracting_features,training_ml,exporting,,,,,,,,,
7,"Signals undergo mastoid referencing followed by 0.5-70Hz filtering. We compute gamma-theta cross-frequency coupling with modulation index alongside sliding window PLI using 10s windows with 2s steps. These features are classified with a GNN, and the final model is exported to ONNX format.",EEG,Signals undergo mastoid referencing ,Signals undergo 0.5-70Hz filtering, We compute gamma-theta cross-frequency coupling with modulation index, We compute sliding window PLI using 10s windows with 2s steps.,These features are classified with a GNN,the final model is exported to ONNX format.,,,,,,,,,
,,,transforming,denoising,extracting_features,extracting_features,training_ml,exporting,,,,,,,,,
8,"Raw EEG is bandpass filtered (0.5-50 Hz) and notch filtered at line frequency (60 Hz). Artifact detection using amplitude thresholding (±100 μV) marks segments for rejection. Data is re-referenced to average reference. Spectral power is calculated in delta (0.5-4 Hz), theta (4-8 Hz), alpha (8-13 Hz), and beta (13-30 Hz) bands using Welch's method with 4-second windows and 50% overlap. Relative power ratios (theta/alpha, alpha/beta) are computed. Results are exported to CSV with annotations.",EEG,Raw EEG is bandpass filtered (0.5-50 Hz),Signals are notch filtered at line frequency (60 Hz),Artifact detection using amplitude thresholding (±100 μV) marks segments for rejection.,Data is re-referenced to average reference,"Spectral power is calculated in delta (0.5-4 Hz), theta (4-8 Hz), alpha (8-13 Hz), and beta (13-30 Hz) bands using Welch's method with 4-second windows and 50% overlap. ","Relative power ratios (theta/alpha, alpha/beta) are computed",Results are exported to CSV with annotations,,,,,,,,
,,,denoising,denoising,denoising,transforming,extracting_features,computing_arithmetics,exporting,,,,,,,,
8,"Signals undergo 0.5-50 Hz filtering with 60 Hz notch, followed by ±100 μV artifact marking. Average reference is applied. Spectral analysis computes band powers (delta, theta, alpha, beta) and theta/alpha, alpha/beta ratios using 4s windows (50% overlap). Data exported with annotations.",EEG,Signals undergo 0.5-50 Hz filtering,Signals undergo 60 Hz notch filtering,±100 μV artifact marking is performed,Average reference is applied,"Spectral analysis computes band powers (delta, theta, alpha, beta) using 4s windows (50% overlap)","Computes power ratios (theta/alpha, alpha/beta)",Data exported with annotations,,,,,,,,
,,,denoising,denoising,denoising,transforming,extracting_features,computing_arithmetics,exporting,,,,,,,,
8,0.5-50 Hz filter with 60 Hz notch followed by artifact rejection (±100 μV). Apply average reference then band power extraction using 4s windows. Calculate power ratios and create annotated export.,EEG,0.5-50 Hz filter,60 Hz notch filter,Artifact rejection (±100 μV),Apply average reference,Band power extraction using 4s windows,Calculate power ratios,Create annotated export,,,,,,,,
,,,denoising,denoising,denoising,transforming,extracting_features,computing_arithmetics,exporting,,,,,,,,
8,"EEG signals are bandpass filtered between 0.3-35 Hz and segmented into 30-second epochs aligned with the sleep recording. Ocular and muscle artifacts are removed using ICA. Spectral features including delta (0.5-4 Hz), theta (4-8 Hz), alpha (8-12 Hz), sigma (12-16 Hz), and beta (16-30 Hz) power are calculated for each epoch using FFT with Hamming windows. Slow wave detection is performed to identify K-complexes and delta waves. Sleep spindles are detected using sigma band filtering and amplitude thresholding. Each epoch is classified into sleep stages using extracted features.",EEG,EEG signals are bandpass filtered between 0.3-35 Hz,Data is segmented into 30-second epochs aligned with the sleep recording.,Ocular and muscle artifacts are removed using ICA,"Spectral features including delta (0.5-4 Hz), theta (4-8 Hz), alpha (8-12 Hz), sigma (12-16 Hz), and beta (16-30 Hz) power are calculated for each epoch using FFT with Hamming windows.",Slow wave detection is performed to identify K-complexes and delta waves.,Sleep spindles are detected using sigma band filtering and amplitude thresholding.,Each epoch is classified into sleep stages using extracted features,,,,,,,,
,,,denoising,segmenting,denoising,extracting_features,detecting_temporal_points,detecting_events,training_ml,,,,,,,,
8,"Processing involves 0.3-35 Hz filtering and 30s epoching. ICA removes ocular/muscle artifacts. FFT with Hamming windows extracts spectral powers across sleep-relevant bands. Algorithm detects slow waves (K-complexes, delta) and sleep spindles. Features feed into sleep stage classification.",EEG,Processing involves 0.3-35 Hz filtering,Processing involves 30s epoching,ICA removes ocular/muscle artifacts,FFT with Hamming windows extracts spectral powers across sleep-relevant bands,"Algorithm detects slow waves (K-complexes, delta) and sleep spindles. ",Features feed into sleep stage classification,,,,,,,,,
,,,denoising,segmenting,denoising,extracting_features,detecting_temporal_points,training_ml,,,,,,,,,
8,Filtering (0.3-35 Hz) and 30s epochs. ICA cleaning precedes spectral power extraction. Perform slow wave/spindle detection before sleep staging.,EEG,Filtering (0.3-35 Hz),30s epochs,ICA cleaning,spectral power extraction,Perform slow wave/spindle detection,Sleep staging,,,,,,,,,
,,,denoising,segmenting,denoising,extracting_features,detecting_temporal_points,analysing_features,,,,,,,,,
9,EEG is bandpass filtered between 8-30 Hz to focus on sensorimotor rhythms. Data is segmented into 3-second trials time-locked to imagery cues. Laplacian spatial filtering is applied to enhance focal activity over motor cortex. Common Spatial Patterns (CSP) algorithm extracts discriminative features between left and right motor imagery. Log-variance of CSP-filtered signals is calculated as features. Linear Discriminant Analysis classifies the features into left/right imagery classes.,EEG,EEG is bandpass filtered between 8-30 Hz to focus on sensorimotor rhythms.,Data is segmented into 3-second trials time-locked to imagery cues,Laplacian spatial filtering is applied to enhance focal activity over motor cortex,Common Spatial Patterns (CSP) algorithm extracts discriminative features between left and right motor imagery. ,Log-variance of CSP-filtered signals is calculated as features,Linear Discriminant Analysis classifies the features into left/right imagery classes,,,,,,,,,
,,,filtering,segmenting,filtering,extracting_features,computing_statistics,training_ml,,,,,,,,,
9,"Signals filtered to 8-30 Hz sensorimotor band and epoched into 3s trials. Laplacian spatial filtering enhances motor cortex signals followed by CSP feature extraction. Log-variance features are classified with LDA for left/right motor imagery discrimination, with results feeding into feedback.",EEG,Signals filtered to 8-30 Hz sensorimotor band,Signals epoched into 3s trials,Laplacian spatial filtering enhances motor cortex signals,CSP feature extraction,Log-variance features are calculated, Log-variance features are classified with LDA for left/right motor imagery discrimination,,,,,,,,,
,,,denoising,segmenting,transforming,extracting_features,computing_statistics,training_ml,,,,,,,,,
9,8-30 Hz filter with 3s epochs. Apply Laplacian filtering then CSP. Extract log-variance features for LDA classification.,EEG,8-30 Hz filter,3s epochs,Laplacian filtering,CSP,Extract log-variance features,LDA classification,,,,,,,,,
,,,denoising,segmenting,transforming,extracting_features,computing_statistics,training_ml,,,,,,,,,
10,"EEG data is filtered between 1-45 Hz and cleaned using Artifact Subspace Reconstruction (ASR). Signals are segmented into 4-second windows with 50% overlap. Differential Entropy (DE) features are extracted from five frequency bands (delta, theta, alpha, beta, gamma) for each channel. Asymmetry features are calculated as the difference between DE values of symmetric electrode pairs. Features are normalized using z-score and dimensionality reduction is performed using PCA. SVM with RBF kernel classifies emotional states (valence/arousal) from the feature set.",EEG,EEG data is filtered between 1-45 Hz,Data is cleaned using Artifact Subspace Reconstruction (ASR),Signals are segmented into 4-second windows with 50% overlap,"Differential Entropy (DE) features are extracted from five frequency bands (delta, theta, alpha, beta, gamma) for each channel",Asymmetry features are calculated as the difference between DE values of symmetric electrode pairs.,Features are normalized using z-score,Features are reduced with PCA,SVM with RBF kernel classifies emotional states (valence/arousal) from the feature set.,,,,,,,
,,,denoising,denoising,segmenting,extracting_features,computing_arithmetics,transforming,selecting_features,training_ml,,,,,,,
10,Processing pipeline: 1-45 Hz filtering with ASR artifact removal. 4-second windows (50% overlap) are analyzed for Differential Entropy in five frequency bands. Asymmetry indices from symmetric electrodes are computed. Z-scoring and PCA precede SVM-based emotion classification.,EEG,1-45 Hz filtering,ASR artifact removal,4-second windows (50% overlap) are analyzed,Differential Entropy analysis in five frequency bands,Asymmetry indices from symmetric electrodes are computed,Z-scoring,PCA dimension reduction,SVM-based emotion classification,,,,,,,
,,,denoising,denoising,segmenting,extracting_features,computing_arithmetics,transforming,selecting_features,training_ml,,,,,,,
10,"Filter 1-45 Hz with ASR cleaning. Use 4s windows for Differential Entropy features. Calculate asymmetry indices, apply z-scoring and PCA before SVM classification.",EEG,Filter 1-45 Hz,ASR cleaning,4s windows segmentation,Differential Entropy features,Calculate asymmetry indices,Apply  z-scoring,PCA,SVM classification,,,,,,,
,,,denoising,denoising,segmenting,extracting_features,extracting_features,transforming,selecting_features,training_ml,,,,,,,
11,"EEG is filtered between 0.5-70 Hz with a notch filter at 60 Hz to remove line noise. Signals are segmented into 2-second non-overlapping windows. For each window, we extract time-domain features (line length, energy, variance), frequency-domain features (spectral edge frequency, peak frequency, spectral entropy), and non-linear features (sample entropy, Hurst exponent). Channel-wise features are both analyzed separately and averaged across brain regions. A Random Forest classifier trained on labeled seizure data evaluates each window and outputs seizure probability. Adjacent windows with high probability are merged into seizure events.",EEG,EEG is filtered between 0.5-70 Hz,A notch filter at 60 Hz to remove line noise.,Signals are segmented into 2-second non-overlapping windows,"For each window, we extract time-domain features (line length, energy, variance)","For each window, we extract  frequency-domain features (spectral edge frequency, peak frequency, spectral entropy).","For each window, we extract non-linear features (sample entropy, Hurst exponent).",Channel-wise features are  analyzed separately,Channel-wise features are  analyzed aggregated across brain regions.,A Random Forest classifier trained on labeled seizure data evaluates each window and outputs seizure probability.,Adjacent windows with high probability are merged into seizure events,,,,,
,,,denoising,denoising,segmenting,extracting_features,extracting_features,extracting_features,analysing_features,spatial_averaging,predicting_ml,annotating_events,,,,,
11,"Signals undergo 0.5-70 Hz filtering with 60 Hz notch. Processing uses 2s windows to extract time-domain, frequency-domain, and non-linear features. Features are analyzed per-channel and by region. Random Forest classifies windows, with high-probability adjacent windows merged into seizure events.",EEG,Signals undergo 0.5-70 Hz filtering,Signals undergo 60 Hz notch filtering,Processing uses 2s windows,Processing extracts time-domain features,Processing extracts frequency-domain features,Processing extracts non-linear features,Features are analyzed per-channel,Features are analyzed by region,Random Forest classifies windows,High-probability adjacent windows merged into seizure events.,,,,,
,,,denoising,denoising,segmenting,extracting_features,extracting_features,extracting_features,analysing_features,spatial_averaging,predicting_ml,annotating_events,,,,,
11,"0.5-70 Hz plus notch filtering with 2s windows. Perform multi-domain feature extraction and regional aggregation. Apply Random Forest classification , where high-probability adjacent windows are merged into seizure events.",EEG,0.5-70 Hz filtering,Notch filtering,2s windows,Multi-domain feature extraction,Regional aggregation,Random Forest classification,High-probability adjacent windows are merged into seizure events.,,,,,,,,
,,,denoising,denoising,segmenting,extracting_features,spatial_averaging,predicting_ml,annotating_events,,,,,,,,
12,EEG is bandpass filtered between 1-40 Hz and cleaned with Artifact Subspace Reconstruction. Data is segmented into 5-second windows with 20% overlap. Frontal theta power (4-8 Hz) and parietal alpha power (8-12 Hz) are calculated using multitaper spectral estimation. Theta/alpha ratio is computed as a workload index. Functional connectivity between frontal and parietal regions is estimated using Phase Locking Value in the theta band. Features are averaged across consecutive windows to reduce variability. Linear regression maps feature values to subjective workload ratings.,EEG,EEG is bandpass filtered between 1-40 Hz,EEG is cleaned with Artifact Subspace Reconstruction,Data is segmented into 5-second windows with 20% overlap,Frontal theta power (4-8 Hz) and parietal alpha power (8-12 Hz) are calculated using multitaper spectral estimation.,Theta/alpha ratio is computed as a workload index.,Functional connectivity between frontal and parietal regions is estimated using Phase Locking Value in the theta band.,Features are averaged across consecutive windows to reduce variability.,Linear regression maps feature values to subjective workload ratings.,,,,,,,
,,,denoising,denoising,segmenting,extracting_features,computing_arithmetics,extracting_features,temporal_averaging,training_ml,,,,,,,
12,Signal processing: 1-40 Hz filtering with ASR cleaning. 5-second windows (20% overlap) are analyzed for frontal theta and parietal alpha using multitaper methods. Workload indices include theta/alpha ratio and fronto-parietal theta PLV. Features are smoothed by window averaging and mapped to workload scales via regression.,EEG,1-40 Hz filtering,ASR cleaning,5-second windows (20% overlap) are analyzed,Frontal theta and parietal alpha using multitaper methods,theta/alpha ratio,fronto-parietal theta PLV,Features are smoothed by window averaging,Features are mapped to workload scales via regression,,,,,,,
,,,denoising,denoising,segmenting,extracting_features,computing_arithmetics,extracting_features,temporal_averaging,training_ml,,,,,,,
12,"Filter 1-40 Hz with ASR and 5s windows. Extract frontal theta and parietal alpha powers ratio, perform connectivity analysis. Apply window averaging on the features and then linear regression.",EEG,Filter 1-40 Hz,ASR,5s windows,Extract frontal theta and parietal alpha powers,powers ratio,Perform connectivity analysis,Apply window averaging,linear regression,,,,,,,
,,,denoising,denoising,segmenting,extracting_features,computing_arithmetics,extracting_features,temporal_averaging,training_ml,,,,,,,
13,Raw EEG is filtered between 1-30 Hz and downsampled to 250 Hz. Bad channels are detected using correlation and variance measures and interpolated using spherical splines. ICA is applied to remove eye movement and muscle artifacts. EEG is re-referenced to average reference. Forward head model is constructed using boundary element method based on standard MRI template. Inverse solution employs standardized low-resolution electromagnetic tomography (sLORETA) to estimate cortical source activity. Time-frequency analysis is performed on source time series using Morlet wavelets. Source-level connectivity is computed using imaginary coherence.,EEG,Raw EEG is filtered between 1-30 Hz,EEG is downsampled to 250 Hz,Bad channels are detected using correlation and variance measures and interpolated using spherical splines.,ICA is applied to remove eye movement and muscle artifacts,EEG is re-referenced to average reference,Forward head model is constructed using boundary element method based on standard MRI template.,Inverse solution employs standardized low-resolution electromagnetic tomography (sLORETA) to estimate cortical source activity.,Time-frequency analysis is performed on source time series using Morlet wavelets,Source-level connectivity is computed using imaginary coherence.,,,,,,
,,,denoising,resampling,denoising,denoising,transforming,mapping_template,reconstructing_signal,extracting_features,extracting_features,,,,,,
13,"Processing includes 1-30 Hz filtering, downsampling (250 Hz), and bad channel interpolation. Artifact rejection via ICA precedes average referencing. Source reconstruction follows BEM forward modeling and sLORETA inverse solution. Source activations undergo wavelet-based time-frequency analysis and connectivity estimation.",EEG,1-30 Hz filtering,downsampling (250 Hz),bad channel interpolation,Artifact rejection via ICA,Average referencing,Source reconstruction follows BEM forward modeling,sLORETA inverse solution,Source activations undergo wavelet-based time-frequency analysis,Source activations undergo connectivity estimation,,,,,,
,,,denoising,resampling,denoising,denoising,transforming,mapping_template,reconstructing_signal,extracting_features,extracting_features,,,,,,
13,"1-30 Hz filter with downsampling. Perform bad channel correction, ICA cleaning, and average reference. Construct BEM head model for sLORETA source-level analysis. Extract  wavelet-based time-frequency features and imaginary coherence connectivity.",EEG,1-30 Hz filter,Downsampling,Bad channel correction,ICA cleaning,Average reference,Construct BEM head model,sLORETA source-level analysis,Extract  wavelet-based time-frequency features,Extract imaginary coherence connectivity.,,,,,,
,,,denoising,resampling,denoising,denoising,transforming,mapping_template,reconstructing_signal,extracting_features,extracting_features,,,,,,
14,"EEG is bandpass filtered (1-45 Hz) and cleaned using Artifact Subspace Reconstruction. Data is segmented into 10-second epochs with 50% overlap. For each epoch, spectral coherence, Phase Lag Index (PLI), and weighted Phase Lag Index (wPLI) are calculated between all channel pairs in delta, theta, alpha, and beta bands. Results are organized into connectivity matrices and thresholded to retain strongest connections. Graph theoretical measures including clustering coefficient, path length, and small-worldness are computed from thresholded networks. Time-varying network properties are tracked across successive windows and correlated with behavioral measures.",EEG,EEG is bandpass filtered (1-45 Hz),EEG is cleaned using Artifact Subspace Reconstruction,Data is segmented into 10-second epochs with 50% overlap.,"For each epoch, spectral coherence, Phase Lag Index (PLI), and weighted Phase Lag Index (wPLI) are calculated between all channel pairs in delta, theta, alpha, and beta bands.",Results are organized into connectivity matrices and thresholded to retain strongest connections.,"Graph theoretical measures including clustering coefficient, path length, and small-worldness are computed from thresholded networks.",Time-varying network properties are tracked across successive windows,Time-varying network properties are correlated with behavioral measures,,,,,,,
,,,denoising,denoising,segmenting,extracting_features,transforming_features,extracting_features,plotting,analysing_features,,,,,,,
14,"Signal processing: 1-45 Hz filter and ASR cleaning, followed by 10s epoching (50% overlap). Connectivity analysis computes coherence, PLI, and wPLI between channels across frequency bands. Resultant matrices are thresholded for graph theoretical analysis, yielding metrics of network organization that are tracked over time and correlated to behavior.",EEG,1-45 Hz filter,ASR cleaning,10s epoching (50% overlap),"Connectivity analysis computes coherence, PLI, and wPLI between channels across frequency bands.",Resultant matrices are thresholded,Graph theoretical analysis yields metrics of network organization,Network organization metrics are tracked over time,Network organization metrics are correlated to behavior,,,,,,,
,,,denoising,denoising,segmenting,extracting_features,transforming_features,extracting_features,plotting,analysing_features,,,,,,,
14,"Filter 1-45 Hz with ASR and 10s epochs. Compute multi-metric connectivity analysis, matrix thresholding, and graph measures. Plot graph measures over time and correlate them with behavior.",EEG,Filter 1-45 Hz,ASR ,10s epochs,Compute multi-metric connectivity analysis,Matrix thresholding,Graph measures ,Plot graph measures over time,Correlate graph measures with behavior.,,,,,,,
,,,denoising,denoising,segmenting,extracting_features,transforming_features,extracting_features,plotting,analysing_features,,,,,,,
15,EEG is bandpass filtered between 1-40 Hz with notch filtering at 50/60 Hz. Signals are re-referenced to linked mastoids. Artifact detection and rejection monitors for eye blinks and muscle activity using amplitude and spectral thresholds. Power  Individual alpha frequency (IAF) is identified through power spectral analysis of 1-minute baseline recording. Alpha band boundaries are defined as IAF±2 Hz. Alpha band is filtered and monitored over time in parietal-occipital channels. Signal processing occurs in 1-second sliding windows updated every 250 ms. Alpha power extracted for each window and normalized to baseline and converted to visual feedback scale. A 5-point moving average smooths the feedback signal.,EEG,EEG is bandpass filtered between 1-40 Hz,Notch filtering at 50/60 Hz,Signals are re-referenced to linked mastoids,Artifact detection for eye blinks and muscle activity using amplitude and spectral thresholds. ,1-minute baseline recording.,Individual alpha frequency (IAF) is identified in baseline recording.,Alpha band boundaries are defined as IAF±2 Hz.,Alpha band is filtered,Alpha band is monitored over time in parietal-occipital channels.,Signal processing occurs in 1-second sliding windows updated every 250 ms,Alpha power is extracted for each window,Get alpha power of baseline period.,Alpha power of each window is normalized to baseline,Alpha power of each window is converted to visual feedback scale.,A 5-point moving average smooths the feedback signal
,,,denoising,denoising,transforming,denoising,trimming,detecting_spectral_points,saving_variable,filtering,plotting,segmenting,extracting_features,extracting_features,computing_arithmetics,mapping_values,temporal_averaging
15,"Processing employs 1-40 Hz bandpass with line noise filtering and mastoid referencing. Artifact rejection uses amplitude/spectral criteria. Individual alpha frequency determined from baseline period (1 minute at beginiing) defines the feedback target (IAF±2 Hz). Parietal-occipital alpha power is computed in 1s windows (250ms steps), normalized to baseline, and smoothed with moving average before visualization.",EEG,1-40 Hz bandpass,line noise filtering,mastoid referencing,Artifact monitoring uses amplitude/spectral criteria.,baseline period (1 minute at beginiing),Individual alpha frequency determined from baseline period,Individual alpha frequency defines the feedback target (IAF±2 Hz).,1s windows (250ms steps),Parietal-occipital alpha power is computed,Get alpha power of baseline period.,Alpha power is normalized to baseline alpha power,A 5-point moving average smooths the feedback signal,smoothed with moving average,visualization,
,,,denoising,denoising,transforming,denoising,trimming,detecting_spectral_points,saving_variable,segmenting,extracting_features,extracting_features,extracting_features,temporal_averaging,temporal_averaging,plotting,
16,"EEG is filtered between 0.5-100 Hz and segmented into 5-second windows with 80% overlap. Data is normalized channel-wise using z-score transformation. Time-frequency representation is obtained using continuous wavelet transform with Morlet wavelets (1-45 Hz, 1 Hz steps). The resulting 3D representations (channel × frequency × time) are stored as image-like inputs. Data augmentation techniques including jittering, scaling, and permutation are applied to expand the training set. A 3D convolutional neural network extracts hierarchical features automatically from the time-frequency representations. Tensors from the penultimate layer are extracted for visualization and interpretability analysis.",EEG,EEG is filtered between 0.5-100 Hz,EEG is segmented into 5-second windows with 80% overlap,Data is normalized channel-wise using z-score transformation,"Time-frequency representation is obtained using continuous wavelet transform with Morlet wavelets (1-45 Hz, 1 Hz steps).",The resulting 3D representations (channel × frequency × time) are stored as image-like inputs,"Data augmentation techniques including jittering, scaling, and permutation are applied to expand the training set.", A 3D convolutional neural network extracts hierarchical features automatically from the time-frequency representations.,Tensors from the penultimate layer are extracted,Tensors are visualized.,Tensors are analysed for interpretability.,,,,,
,,,denoising,segmenting,transforming,transforming_domain,exporting,augmenting_examples,predicting_ml,explaining_ml,plotting,analysing_features,,,,,
16,"Signals are processed with 0.5-100 Hz filtering and 5s windowing (80% overlap). Channel-wise z-scoring precedes wavelet time-frequency transformation (1-45 Hz). The 3D representations undergo data augmentation (jitter, scale, permutation) before feeding into a CNN. Deep features from late network layers are extracted for visualization and interpretation.",EEG,Signals are processed with 0.5-100 Hz filtering,5s windowing (80% overlap),Channel-wise z-scoring,Wavelet time-frequency transformation (1-45 Hz),"The 3D representations undergo data augmentation (jitter, scale, permutation)",Data is fed into a CNN,Deep features from late network layers are extracted,Deep features are visualized,Deep features are interperted,,,,,,
,,,denoising,segmenting,transforming,transforming_domain,augmenting_examples,predicting_ml,explaining_ml,plotting,analysing_features,,,,,,
16,"0.5-100 Hz filter with 5s windows. Apply z-scoring, wavelet transform, and data augmentation. Perform CNN feature extraction with interpretability analysis.",EEG,0.5-100 Hz filter,5s windows,Apply z-scoring,Apply wavelet transform,Apply data augmentation,Perform CNN feature extraction,interpretability analysis,,,,,,,,
,,,denoising,segmenting,transforming,transforming_domain,augmenting_examples,predicting_ml,explaining_ml,,,,,,,,